{
  "presets": [
    [
      "@babel/preset-env",
      {
        "useBuiltIns": "usage", // 按需加载
        "corejs": 3, // corejs的大版本
        "targets": "defaults" // 浏览器的兼容版本
      }
    ],
    [
      "@babel/preset-typescript",
      {
        "allExtensions": true
      }
    ]
  ],
  "plugins": [
    [
      "@babel/plugin-proposal-decorators",
      {
        "legacy": true
      }
    ],
    ["@babel/plugin-proposal-class-properties"],
    ["@babel/plugin-transform-runtime"]
  ]
}
